OA_Code,Latitude,Longitude
S00135307,57.21753244877263,-2.2146708982816374
S00135308,57.213561172124585,-2.2749447876908406
S00135309,57.207979448420154,-2.0939405834867255
S00135310,57.2111047524329,-2.189850876346946
S00135311,57.19734739295411,-2.167786936469564
S00135312,57.212508375693034,-2.188334985421164
S00135313,57.21223397856478,-2.185601947489326
S00135314,57.2126043392846,-2.1902228077336914
S00135315,57.21245052112595,-2.1849573720635087
S00135316,57.20089983084645,-2.1900466885705323
S00135317,57.210983699044405,-2.180579552235837
S00135318,57.2107595605442,-2.186422273680592
S00135319,57.20927221560276,-2.183832332977226
S00135320,57.20962833328633,-2.1860027081347724
S00135321,57.2103528881844,-2.1819670491031484
S00135322,57.20904980023011,-2.176067420057346
S00135323,57.21018605212421,-2.1793009580464444
S00135324,57.20989338915495,-2.182908382159269
S00135325,57.209453777633954,-2.188600829104344
S00135326,57.20943149066426,-2.1792972945826676
S00135327,57.20887538749131,-2.1849063600071483
S00135328,57.209068577350465,-2.181795181482327
S00135329,57.20859646158216,-2.1790283805913564
S00135330,57.20784822302969,-2.187003502186299
S00135331,57.20886027513201,-2.176695563581777
S00135332,57.20791551032716,-2.1840242216028374
S00135333,57.20756113945048,-2.174272567903745
S00135334,57.20799562287298,-2.178313668214449
S00135335,57.20775915671999,-2.180348592171661
S00135336,57.20743468980835,-2.1872166005633864
S00135337,57.207378146862034,-2.176655366242478
S00135338,57.20685506915203,-2.1843334446988023
S00135339,57.20631524930719,-2.190902186928139
S00135340,57.20477364696964,-2.17626221260438
S00135341,57.20714636187871,-2.1817029545558517
S00135342,57.206562261718176,-2.1879405038560984
S00135343,57.20487113382054,-2.1055025601798687
S00135344,57.20535910150246,-2.1875702315018253
S00135345,57.19914750898252,-2.096201927286634
S00135346,57.20514946338177,-2.183546979086272
S00135347,57.20416365886995,-2.102885361277272
S00135348,57.203707166328535,-2.1869494356003694
S00135349,57.20358791076029,-2.1886039836540307
S00135350,57.20388358322108,-2.1048211201798543
S00135351,57.201885641191744,-2.098344110448035
S00135352,57.20312673618168,-2.1846127637200095
S00135353,57.202718543938076,-2.101491039546341
S00135354,57.203411729731386,-2.0996226367702486
S00135355,57.20315069693466,-2.100283983728482
S00135356,57.202829590903846,-2.191082788765892
S00135357,57.202329414519845,-2.104965663947346
S00135358,57.20034384809377,-2.1771182296360143
S00135359,57.20300334318407,-2.1767337513626432
S00135360,57.203429495688766,-2.1739054940384293
S00135361,57.20293795463563,-2.1785044191692706
S00135362,57.20231080025786,-2.183582527741237
S00135363,57.20239714587997,-2.0990075120516583
S00135364,57.20113892438341,-2.1863571747450132
S00135365,57.20102182872248,-2.180431553055283
S00135366,57.18949570735521,-2.2749809130309444
S00135367,57.20129824222326,-2.181856245125328
S00135368,57.20155087700705,-2.1215471317502583
S00135369,57.20109633071917,-2.09681937230765
S00135370,57.201250160369966,-2.125882359309565
S00135371,57.200353356648705,-2.1243897972954593
S00135372,57.20098527424504,-2.1212142629505655
S00135373,57.20038465433174,-2.128974270095995
S00135374,57.200653393215084,-2.100343397587758
S00135375,57.19950190474115,-2.18168190610002
S00135376,57.199855672250024,-2.185473560166907
S00135377,57.20026080418822,-2.1271036866198294
S00135378,57.20060260208612,-2.0963877727887215
S00135379,57.19992385866474,-2.1027080424838482
S00135380,57.20004768451927,-2.1050419239079683
S00135381,57.20005842261553,-2.1228662113602037
S00135382,57.20009182956819,-2.12541501190957
S00135383,57.1993698331546,-2.1798276985178044
S00135384,57.19849026645925,-2.0981199219696394
S00135385,57.19807338548907,-2.1818403720500195
S00135386,57.19947641844921,-2.100604991640127
S00135387,57.19881829210647,-2.1035158841820203
S00135388,57.19310185280234,-2.1783410754702315
S00135389,57.19859497851434,-2.130970479799914
S00135390,57.19862073394432,-2.1232917081290816
S00135391,57.19775694941416,-2.1247285769426347
S00135392,57.198159822570084,-2.1260869613641145
S00135393,57.1982976455839,-2.182056614682288
S00135394,57.197039946807024,-2.1031799253665913
S00135395,57.197346247601416,-2.102105116284909
S00135396,57.19731061216757,-2.1307838890322257
S00135397,57.18998830239403,-2.1319326871815303
S00135398,57.196593601943455,-2.0997200701738477
S00135399,57.19153522853283,-2.1211997902778714
S00135400,57.17961507034676,-2.2095381287046716
S00135401,57.19672760065255,-2.1299378544694454
S00135402,57.19620492934737,-2.102697693686324
S00135403,57.19593605351367,-2.1309445018877713
S00135404,57.19543162010005,-2.1322665412256585
S00135405,57.19441126316527,-2.0990688259864427
S00135406,57.19436440015155,-2.121672402312504
S00135407,57.194735195691756,-2.1190756611993007
S00135408,57.19499625814262,-2.0976638463156814
S00135409,57.19537391439451,-2.1272688922082184
S00135410,57.19442937362797,-2.1285728816756566
S00135411,57.1946434268701,-2.130062901495046
S00135412,57.19483689509082,-2.1159981394588567
S00135413,57.19423874709274,-2.101368438695561
S00135414,57.19428454587693,-2.1206462045530805
S00135415,57.19438684780545,-2.12622300561848
S00135416,57.193644229670234,-2.1137439945029763
S00135417,57.19432680870734,-2.1321798478368983
S00135418,57.192142534931946,-2.177029280834312
S00135419,57.192716037898315,-2.106890830769293
S00135420,57.19347960013533,-2.0957734787880002
S00135421,57.193405286924865,-2.1286024103868857
S00135422,57.19354600858101,-2.1314986262808806
S00135423,57.193516221469025,-2.1161925543677915
S00135424,57.1908940291745,-2.183194896813268
S00135425,57.19208494282568,-2.179626784607354
S00135426,57.192743167001424,-2.116752707653293
S00135427,57.19235674111631,-2.126182974374689
S00135428,57.192615025415115,-2.109438712144062
S00135429,57.19180363361598,-2.102271793813992
S00135430,57.191879487721764,-2.1181564087572213
S00135431,57.19077222859492,-2.100250354013547
S00135432,57.19224372813922,-2.131262339944546
S00135433,57.19192681005558,-2.115575340849801
S00135434,57.192020688952006,-2.129788924545952
S00135435,57.191178571011754,-2.12756880865768
S00135436,57.19170846732716,-2.0977047855126343
S00135437,57.18798412681973,-2.1765295713796373
S00135438,57.184203719454466,-2.1995391624664977
S00135439,57.19137485678477,-2.119825943325802
S00135440,57.1888481407365,-2.1023959658380895
S00135441,57.190002924546306,-2.1071973390042253
S00135442,57.1907493630956,-2.1256149273052203
S00135443,57.19108688126648,-2.110625487542514
S00135444,57.19018507054601,-2.1327441196163868
S00135445,57.18991774698454,-2.1121441596820385
S00135446,57.190597443648485,-2.1154553604651545
S00135447,57.19011028771033,-2.1785086396655386
S00135448,57.18930448093237,-2.1329891318910787
S00135449,57.190625266279945,-2.123943389771646
S00135450,57.18976085077341,-2.116726733739436
S00135451,57.18934645819391,-2.1179828534114638
S00135452,57.19067095126815,-2.182167955383643
S00135453,57.18965210698118,-2.1847439975627245
S00135454,57.188531524419695,-2.176929260580591
S00135455,57.18976663866382,-2.1103402619146157
S00135456,57.18996084495772,-2.1824788182912123
S00135457,57.19006486577776,-2.1082895180880694
S00135458,57.18927393844876,-2.1186775156059583
S00135459,57.18916262650224,-2.1223336123950713
S00135460,57.18910724989533,-2.123839025688417
S00135461,57.18969154634081,-2.1139469079740327
S00135462,57.188176698204934,-2.129097089786417
S00135463,57.188924176361866,-2.1081207234382773
S00135464,57.18798771798948,-2.1803182872136313
S00135465,57.18665674454923,-2.1813540625999583
S00135466,57.188120028832266,-2.113396088114358
S00135467,57.188980586236625,-2.124748573945051
S00135468,57.18802800267201,-2.2066077889679314
S00135469,57.187729830983436,-2.107670527585711
S00135470,57.18797102505609,-2.1281864228329708
S00135471,57.187825646982105,-2.1208070953087956
S00135472,57.188107698390105,-2.117035855661692
S00135473,57.18763547329457,-2.1128155477315964
S00135474,57.18810244447277,-2.131396525730962
S00135475,57.18736260852019,-2.1165040790083784
S00135476,57.18739744817522,-2.107686102672689
S00135477,57.18677178502057,-2.205757024315143
S00135478,57.182876508156156,-2.110567810949906
S00135479,57.18691495654397,-2.1242949089331806
S00135480,57.18369305216147,-2.1302063196631584
S00135481,57.18611602279867,-2.114283293778876
S00135482,57.18634678060509,-2.1173115201314623
S00135483,57.18619845679879,-2.112529914929676
S00135484,57.18562765983652,-2.1270202491407244
S00135485,57.185046705768414,-2.1146604787511336
S00135486,57.18631728317978,-2.1290409606498404
S00135487,57.16014413593362,-2.2512376148157727
S00135488,57.186344289857225,-2.119941973671904
S00135489,57.18455748568585,-2.202998561227336
S00135490,57.18619057313782,-2.100684593684952
S00135491,57.18474997636665,-2.176729186223667
S00135492,57.185265479427684,-2.120831808945672
S00135493,57.18470777575241,-2.2044882636008327
S00135494,57.184959937007534,-2.1006481516247657
S00135495,57.18495848833588,-2.102434808899233
S00135496,57.18524099314825,-2.1182509756295573
S00135497,57.18468581981567,-2.1256604813298536
S00135498,57.18465216510013,-2.176017367688395
S00135499,57.184631040065675,-2.1173060710195286
S00135500,57.18191302275989,-2.193836411498121
S00135501,57.184750665302644,-2.140714899562591
S00135502,57.18426645666266,-2.175618502145444
S00135503,57.18448369475824,-2.1008288259078625
S00135504,57.18348103475094,-2.143389951382753
S00135505,57.18106319084663,-2.119015049621285
S00135506,57.18409224283483,-2.134972047101796
S00135507,57.18310987288214,-2.088170190667025
S00135508,57.184196263737384,-2.180762992269791
S00135509,57.18382112442822,-2.1364764387690705
S00135510,57.18364059390465,-2.145243339636438
S00135511,57.18387080667838,-2.1320266409599884
S00135512,57.18404132607898,-2.113879848427235
S00135513,57.1824301184715,-2.1845259448057273
S00135514,57.18347665110718,-2.181437716898639
S00135515,57.183407167479935,-2.0990393000618504
S00135516,57.18358936162334,-2.2017360097934597
S00135517,57.183570447924204,-2.178675569360242
S00135518,57.18355452246043,-2.094341616470012
S00135519,57.181014620082976,-2.14776385522786
S00135520,57.180461160072475,-2.086360879482796
S00135521,57.18379862573281,-2.1761291021015503
S00135522,57.18343927688953,-2.132355948750157
S00135523,57.18154975057552,-2.0964041983312036
S00135524,57.18260595848003,-2.146612269285693
S00135525,57.182680942171885,-2.202442366822871
S00135526,57.18220757849699,-2.1768824515655476
S00135527,57.18304468773305,-2.102958853914446
S00135528,57.182954059117584,-2.1142404262013104
S00135529,57.182510913046116,-2.0964232499213336
S00135530,57.18240025152661,-2.1107483474744546
S00135531,57.182855539943176,-2.092073546501875
S00135532,57.182986057291934,-2.1184753492144237
S00135533,57.182766953723515,-2.1393508862438377
S00135534,57.18233667175159,-2.1385387058058933
S00135535,57.18184392154023,-2.13734585058231
S00135536,57.18164661398434,-2.1918334682353784
S00135537,57.18191921184428,-2.1423252155342505
S00135538,57.18201801377341,-2.0949001130776437
S00135539,57.181861479578465,-2.110515147176077
S00135540,57.18093102770127,-2.1898282477473243
S00135541,57.18127146094305,-2.1431828801277124
S00135542,57.18047129791904,-2.165609604813165
S00135543,57.180160170721564,-2.163110515047083
S00135544,57.18154174335409,-2.177656723607278
S00135545,57.182030830648976,-2.1305643829916368
S00135546,57.18024341147863,-2.101230775052807
S00135547,57.18091836492636,-2.192243224431435
S00135548,57.18128824963742,-2.1085946156299396
S00135549,57.18150281646667,-2.109769701286955
S00135550,57.181284994669475,-2.1874149995944734
S00135551,57.175610930251906,-2.1912563715711904
S00135552,57.180338143622556,-2.1644015070786238
S00135553,57.180633902623136,-2.1348767093492937
S00135554,57.1808147737083,-2.094268450902893
S00135555,57.18096248405184,-2.138351598991506
S00135556,57.1808262526651,-2.131387192711599
S00135557,57.18012995044303,-2.108012275149556
S00135558,57.180301248125176,-2.0962355280429046
S00135559,57.17867681683026,-2.17072908140534
S00135560,57.18019981992252,-2.1291023018539317
S00135561,57.180445583055,-2.095441929396191
S00135562,57.179981410418506,-2.1820325798986935
S00135563,57.18049118679811,-2.1708697898271034
S00135564,57.17962332564348,-2.1932123988140217
S00135565,57.17958344063294,-2.189920574128499
S00135566,57.177858394863634,-2.177887125706451
S00135567,57.17910578767619,-2.0971752235775476
S00135568,57.17989699108193,-2.1073168761613292
S00135569,57.17999701201284,-2.1836536714450987
S00135570,57.17864048954701,-2.134125118652777
S00135571,57.17878372476807,-2.095454174549121
S00135572,57.17945136557785,-2.188150038143949
S00135573,57.17951049391011,-2.096564281745165
S00135574,57.17927579801849,-2.18540339754271
S00135575,57.17918135228705,-2.103758572476766
S00135576,57.17974071334695,-2.100799335615054
S00135577,57.179328777387965,-2.166878117630989
S00135578,57.178603171149916,-2.1268306990228334
S00135579,57.17927945733939,-2.0932390128323974
S00135580,57.179479891608295,-2.121408353099139
S00135581,57.17844290853882,-2.1059563511993415
S00135582,57.17891703714353,-2.1273610712265443
S00135583,57.17836806635997,-2.166526436274725
S00135584,57.17915322858918,-2.115369971830574
S00135585,57.17896783862962,-2.161252718342283
S00135586,57.17879113455055,-2.191107415728043
S00135587,57.17873467350076,-2.088870977777706
S00135588,57.17797983477734,-2.089249581737444
S00135589,57.17829364924935,-2.1749946841561068
S00135590,57.178763951443585,-2.1660485475902838
S00135591,57.178414950481724,-2.184373584988061
S00135592,57.17813905535024,-2.1630685175449393
S00135593,57.17813379486803,-2.1290454636480667
S00135594,57.1774472056046,-2.092870510785991
S00135595,57.17786465639269,-2.1919130884939753
S00135596,57.17615052513652,-2.1437419167191987
S00135597,57.17724760716052,-2.1900905146193
S00135598,57.17780556002103,-2.0941615291007296
S00135599,57.178115944681146,-2.1600911942294703
S00135600,57.177163021141126,-2.186600202508404
S00135601,57.17777208527269,-2.162041421051562
S00135602,57.16469495672854,-2.087911288064088
S00135603,57.177548275398955,-2.130614705322251
S00135604,57.17786261435452,-2.1683270204436567
S00135605,57.17723873651666,-2.1713178711881183
S00135606,57.17586422444605,-2.1259778048373756
S00135607,57.17488118913979,-2.100471839807964
S00135608,57.17672589496115,-2.190550939067075
S00135609,57.17675193747291,-2.0852771360309577
S00135610,57.17337660903149,-2.1339902519323752
S00135611,57.17706834329344,-2.1775690713927167
S00135612,57.17726387198376,-2.159062040753457
S00135613,57.176856935435644,-2.1611773530854403
S00135614,57.17501146190199,-2.1896820908582684
S00135615,57.17611802137799,-2.1236962582761096
S00135616,57.17690822626528,-2.123996615621819
S00135617,57.17714581947892,-2.0872628057862346
S00135618,57.17696378662342,-2.0906033717586547
S00135619,57.17649833939565,-2.167477300103977
S00135620,57.177083815245545,-2.16628909665876
S00135621,57.17442831977299,-2.115222911412705
S00135622,57.176603621944054,-2.123168621928921
S00135623,57.17619229907278,-2.1464545168676183
S00135624,57.1763295553229,-2.17910368101316
S00135625,57.17615534959081,-2.1222740093043937
S00135626,57.176448969723545,-2.1640534257252257
S00135627,57.17568677797025,-2.1886270558088436
S00135628,57.175331361507745,-2.179859634893526
S00135629,57.17529793893752,-2.16497449482498
S00135630,57.175409704095436,-2.181596602205544
S00135631,57.17446609154206,-2.1132053352404614
S00135632,57.17485471190997,-2.1203181450736777
S00135633,57.175336209056304,-2.1631884667503525
S00135634,57.17543859987034,-2.145707279568835
S00135635,57.175520203492695,-2.1858807373784352
S00135636,57.1746433617284,-2.183511313743212
S00135637,57.17493909512616,-2.1839924037942042
S00135638,57.17333122238661,-2.095241627260919
S00135639,57.173928987990884,-2.1607842100068755
S00135640,57.17418265402264,-2.185262094865527
S00135641,57.1744023945638,-2.1885047356454317
S00135642,57.17418846855623,-2.112261798674609
S00135643,57.17352044661503,-2.1158650645634993
S00135644,57.173756319856366,-2.122861445552079
S00135645,57.174360279118154,-2.1925729801636944
S00135646,57.17389579763759,-2.190850584207931
S00135647,57.173331330266336,-2.1898884678776103
S00135648,57.17449621704645,-2.119456976384202
S00135649,57.174118237054294,-2.120183440661077
S00135650,57.17406269338944,-2.1218867045692917
S00135651,57.172393862891845,-2.128860047925306
S00135652,57.17336818969924,-2.124745485781512
S00135653,57.17334505926435,-2.1111511919711914
S00135654,57.17390569906397,-2.1169577954127576
S00135655,57.17361496974615,-2.153307620141279
S00135656,57.17402043569013,-2.11912467284335
S00135657,57.17358582196544,-2.1131364860165696
S00135658,57.173158902013945,-2.1439948909642195
S00135659,57.17381498575788,-2.117900184848431
S00135660,57.173634467242906,-2.118809204664757
S00135661,57.17279697147503,-2.192746755883443
S00135662,57.17317133488446,-2.1561172250135536
S00135663,57.172553078954564,-2.1877180408693793
S00135664,57.17345283034073,-2.1208758736929347
S00135665,57.17293056302604,-2.139379956323248
S00135666,57.17283396613625,-2.186098765156244
S00135667,57.17069452017552,-2.1541058148644145
S00135668,57.17181452615115,-2.1490500685778255
S00135669,57.1716757592309,-2.1192494129975277
S00135670,57.172635464535986,-2.111082906783975
S00135671,57.17255911334523,-2.1253546471672844
S00135672,57.172817330694365,-2.1361546691320847
S00135673,57.17227016564573,-2.190660283188932
S00135674,57.17237401119953,-2.1217653725134817
S00135675,57.172042570699944,-2.12080511164913
S00135676,57.172596658100005,-2.1325155743451596
S00135677,57.17228194040836,-2.141031261493049
S00135678,57.17214801426537,-2.123219922823201
S00135679,57.167989637447945,-2.102453904161212
S00135680,57.172101208093956,-2.157038802885815
S00135681,57.17252464327315,-2.092725831682318
S00135682,57.17200363077146,-2.188707496139556
S00135683,57.172070804329245,-2.119465673978889
S00135684,57.171385890411415,-2.1121375247008967
S00135685,57.17223955856177,-2.1612729888197904
S00135686,57.17222000215955,-2.0916666689413184
S00135687,57.17228692290741,-2.1365330782137444
S00135688,57.171850273046545,-2.189136684295111
S00135689,57.17225588059659,-2.11364507624679
S00135690,57.171639916222986,-2.136745672454514
S00135691,57.17187742766817,-2.093319550125505
S00135692,57.172158602179515,-2.111941420311661
S00135693,57.1710031225241,-2.1587539813238785
S00135694,57.1717575347435,-2.191054535656564
S00135695,57.171184124588294,-2.1259453163873148
S00135696,57.17088742813347,-2.095797579804612
S00135697,57.17157343902616,-2.1317181212354286
S00135698,57.1694393768,-2.1089731982812028
S00135699,57.171552012050086,-2.164990857516449
S00135700,57.17157921033136,-2.1505209303769486
S00135701,57.17149503604049,-2.160442883671132
S00135702,57.170364076471365,-2.166639223422919
S00135703,57.171556857131485,-2.1303950877282327
S00135704,57.17170356325222,-2.127501587338261
S00135705,57.17132614594912,-2.1184875795178337
S00135706,57.171162525873044,-2.1533801368812275
S00135707,57.17140999789141,-2.141557123018542
S00135708,57.17129307752088,-2.0939299447284627
S00135709,57.17119862023334,-2.160425060553874
S00135710,57.17078044646011,-2.116071452820349
S00135711,57.171013398599335,-2.125994345470003
S00135712,57.170698145445655,-2.151129205393658
S00135713,57.17119657177935,-2.1313198898926022
S00135714,57.171145817963804,-2.13677691878668
S00135715,57.17103985399448,-2.1650877942483304
S00135716,57.17064005981338,-2.1220077115464875
S00135717,57.17036397082061,-2.12860492199292
S00135718,57.1708355743148,-2.1411249652469486
S00135719,57.17082333487339,-2.1182379147639017
S00135720,57.17045022588026,-2.1693847034195057
S00135721,57.17057767242127,-2.1612988146074974
S00135722,57.17115855504048,-2.11517964246329
S00135723,57.17101752992867,-2.1122025546216108
S00135724,57.169271869344904,-2.1417142984931243
S00135725,57.17035645421497,-2.151408931885749
S00135726,57.17031886004741,-2.1452240773771516
S00135727,57.169224688008185,-2.1079307887720535
S00135728,57.17024599723268,-2.1676143511309314
S00135729,57.17002625605074,-2.0942243801051466
S00135730,57.170294683650965,-2.164770271845756
S00135731,57.17043157469264,-2.13268971659468
S00135732,57.16980427645912,-2.1395666071013433
S00135733,57.16939800179651,-2.1150584021405283
S00135734,57.17011402780718,-2.0969200580158933
S00135735,57.17013371618114,-2.1253464218001414
S00135736,57.16792797902266,-2.100948997864229
S00135737,57.1700802498639,-2.115556621696556
S00135738,57.16920794359826,-2.16461660480229
S00135739,57.16976514218788,-2.116316309754015
S00135740,57.16886626545434,-2.1429198705974253
S00135741,57.16980607124119,-2.137946046602879
S00135742,57.16929549265163,-2.136621247774585
S00135743,57.17000669791717,-2.150927941410255
S00135744,57.16962082919455,-2.1505956399933965
S00135745,57.169080441812085,-2.1361243708066535
S00135746,57.16960361112748,-2.1341254036741826
S00135747,57.16985706136089,-2.1695969603652814
S00135748,57.1671912656505,-2.13863077088499
S00135749,57.17002419582663,-2.143685025534803
S00135750,57.169096077885534,-2.129857253237325
S00135751,57.16973991390862,-2.123889886075962
S00135752,57.16921575963278,-2.1178359048395845
S00135753,57.169343251411064,-2.094619506310066
S00135754,57.16833150722925,-2.147035203945479
S00135755,57.16955502353092,-2.1200363121802517
S00135756,57.16939648353127,-2.1259722979892066
S00135757,57.168528532422215,-2.1225464241208383
S00135758,57.16957704313292,-2.1569950109584908
S00135759,57.16926758419636,-2.1601851773141454
S00135760,57.1692978900621,-2.1164636647330792
S00135761,57.16949050240778,-2.161475971699441
S00135762,57.1687794179878,-2.0918069537653214
S00135763,57.16879810618011,-2.131327905970653
S00135764,57.168778773049254,-2.163076851180409
S00135765,57.169011923961826,-2.0932296306720954
S00135766,57.16916469360237,-2.1242021442408734
S00135767,57.168751204148286,-2.1491534722075873
S00135768,57.16799467389782,-2.143131464411071
S00135769,57.16831653047361,-2.1592881278591265
S00135770,57.169095855972245,-2.1114360606331535
S00135771,57.168757131131535,-2.1084420368201315
S00135772,57.168476954676635,-2.1671598668110277
S00135773,57.16760370853213,-2.112522898519136
S00135774,57.16848905744649,-2.150524887558631
S00135775,57.16887785256265,-2.1141142319601416
S00135776,57.1687911877743,-2.1293435679546833
S00135777,57.16912857843654,-2.156447415632578
S00135778,57.16906460429841,-2.094850297405491
S00135779,57.16857436564224,-2.1388839945475526
S00135780,57.16822783623167,-2.117617791267374
S00135781,57.16831239846594,-2.169292233966299
S00135782,57.16691529830351,-2.13634789103564
S00135783,57.168843464997984,-2.090203124869039
S00135784,57.168889940989416,-2.160464653542686
S00135785,57.16838791844744,-2.119321484192376
S00135786,57.16794944384282,-2.151051829469478
S00135787,57.16861201896518,-2.110029053553148
S00135788,57.16801224632473,-2.1720192358059394
S00135789,57.16773562894078,-2.170662039401375
S00135790,57.168306344855374,-2.12008186425885
S00135791,57.16810743121988,-2.0894076171177804
S00135792,57.168056677555235,-2.1181298506520316
S00135793,57.16806740900572,-2.1162613600195694
S00135794,57.164540564732604,-2.2206132592966106
S00135795,57.167849378203044,-2.1089850452051646
S00135796,57.168082503954004,-2.1283985576307902
S00135797,57.16718383320625,-2.0991446257394735
S00135798,57.16835003452057,-2.1116983836302743
S00135799,57.16655666328275,-2.1437707613602104
S00135800,57.16750781488811,-2.128181601819586
S00135801,57.16742168070833,-2.163583463020153
S00135802,57.166989099205495,-2.0954236982535424
S00135803,57.16662288682735,-2.1408277922483987
S00135804,57.16736994794816,-2.168725719329046
S00135805,57.16786621055508,-2.09955984498513
S00135806,57.16763492102958,-2.151149757353389
S00135807,57.167798168805106,-2.094632084367412
S00135808,57.168222966168834,-2.1226942322997355
S00135809,57.16679500606167,-2.139538713325083
S00135810,57.16612647313407,-2.217811800701422
S00135811,57.16800564598785,-2.1244462838134197
S00135812,57.16751154651741,-2.0935234806564704
S00135813,57.167503178564516,-2.092696691385434
S00135814,57.167458715329616,-2.0920847721674236
S00135815,57.1679087939926,-2.0908126573835664
S00135816,57.16792618634716,-2.131870482128687
S00135817,57.16664282424657,-2.1615296787508127
S00135818,57.16713895830652,-2.109859315892734
S00135819,57.16693345146902,-2.1518082951755426
S00135820,57.16717874823195,-2.141788952563759
S00135821,57.16676915972031,-2.121217788400564
S00135822,57.16716840452736,-2.1170191522384845
S00135823,57.167234565058806,-2.1229720508972303
S00135824,57.1669440902388,-2.1647222747481116
S00135825,57.16664597706817,-2.151823650100818
S00135826,57.16680204765716,-2.1149180405793198
S00135827,57.166896403887236,-2.1599268806906555
S00135828,57.166646378260616,-2.127269190769824
S00135829,57.167351801965886,-2.090877429201304
S00135830,57.167104105291855,-2.127667611127215
S00135831,57.16545333067619,-2.171114474578216
S00135832,57.16738012893016,-2.0889594033741514
S00135833,57.166337776691556,-2.146613905305443
S00135834,57.166771848757065,-2.118406840215518
S00135835,57.166751754454374,-2.088346094052803
S00135836,57.1658005320733,-2.1451236600038976
S00135837,57.167020967144005,-2.1677154822057187
S00135838,57.16507912922183,-2.1024789032313658
S00135839,57.1654177315904,-2.1057867288740364
S00135840,57.16631432759105,-2.1269538857499444
S00135841,57.16659085288678,-2.1198117320523973
S00135842,57.16613130753075,-2.1302271392639596
S00135843,57.16678625800154,-2.090346916541015
S00135844,57.1664859601217,-2.1647202344496588
S00135845,57.1665216450798,-2.1715989300661596
S00135846,57.16578004073831,-2.1311187704807897
S00135847,57.166485088734746,-2.0966790494556156
S00135848,57.16535097806075,-2.1602012835034503
S00135849,57.165894228129496,-2.0940319603073028
S00135850,57.16594505836743,-2.2188193499103726
S00135851,57.166091343539385,-2.1499033426144214
S00135852,57.16630621000002,-2.1168345395346315
S00135853,57.165287700289234,-2.13787958701375
S00135854,57.165585234688265,-2.11931243739138
S00135855,57.16556360011329,-2.091683220363307
S00135856,57.165690799475,-2.0896993897718774
S00135857,57.165811950446084,-2.12629077604845
S00135858,57.16551615159004,-2.142443957058023
S00135859,57.165695248574906,-2.0958171858118892
S00135860,57.16545256221343,-2.1507274764543785
S00135861,57.165310851944895,-2.133084699295049
S00135862,57.16266141213037,-2.1559736646950522
S00135863,57.16590772306176,-2.167230929056226
S00135864,57.164875217729836,-2.1196904322621357
S00135865,57.16546556942784,-2.122304788131488
S00135866,57.16524089150494,-2.112846392423518
S00135867,57.16527188145216,-2.118203623132395
S00135868,57.16474540512555,-2.123856614550109
S00135869,57.164372829760666,-2.1281045971918173
S00135870,57.16482526325254,-2.1154905908767856
S00135871,57.16394796820697,-2.1121480265333124
S00135872,57.16487477514849,-2.1376135001494494
S00135873,57.16558411633715,-2.16739481125203
S00135874,57.16502119960169,-2.126536088829849
S00135875,57.16465301198184,-2.1717225345982056
S00135876,57.16506592878051,-2.1433846771352973
S00135877,57.16418915942734,-2.1480438362882497
S00135878,57.16447348924592,-2.1262862040543826
S00135879,57.16526940388043,-2.1676248684201562
S00135880,57.16397557976488,-2.100805930326348
S00135881,57.16346563395033,-2.1593499055898895
S00135882,57.164563457671996,-2.1648274116662782
S00135883,57.163980174182306,-2.164361865949015
S00135884,57.16461063031468,-2.1560480209167383
S00135885,57.16524038250883,-2.091450937287275
S00135886,57.16427583066167,-2.1349327743009736
S00135887,57.16507584011841,-2.0952699482642014
S00135888,57.16511709240719,-2.1106469524711176
S00135889,57.163614260130615,-2.2160609787140593
S00135890,57.16473971955467,-2.1673909900318695
S00135891,57.164577915410845,-2.160611287071798
S00135892,57.16430749144028,-2.130485258711278
S00135893,57.16358324000427,-2.1180328875834724
S00135894,57.16287947997626,-2.1611164452767313
S00135895,57.164890179378716,-2.091268194220373
S00135896,57.164693345025775,-2.0901764568643886
S00135897,57.164703097771714,-2.089101763437207
S00135898,57.16403385108053,-2.1425374504737253
S00135899,57.16405686827371,-2.1109083198802487
S00135900,57.164645171639734,-2.0945909402230973
S00135901,57.16412762157294,-2.146902753014627
S00135902,57.16389127225032,-2.156623667781085
S00135903,57.16381387312268,-2.1114201360467746
S00135904,57.16197637703387,-2.142860179033679
S00135905,57.16385057256057,-2.137741958630821
S00135906,57.16414206248349,-2.1340229232492023
S00135907,57.162875271194544,-2.1162284973505012
S00135908,57.163984067360715,-2.168197727347646
S00135909,57.16401245532522,-2.160245087686218
S00135910,57.16349334831128,-2.1358227324748658
S00135911,57.16364375227278,-2.1605576298716804
S00135912,57.164294594526154,-2.125525031898702
S00135913,57.163370076258936,-2.124794418054038
S00135914,57.16266075107802,-2.1244613597713635
S00135915,57.163760680469515,-2.1203647054185377
S00135916,57.163746931686454,-2.1252255660738335
S00135917,57.163126815885285,-2.171054112900457
S00135918,57.1631072194987,-2.172244428627294
S00135919,57.16372012845248,-2.1337733887300074
S00135920,57.163055731376204,-2.163746022792869
S00135921,57.16263114971357,-2.143722434662582
S00135922,57.16238153874191,-2.2223694320992387
S00135923,57.161384289674885,-2.0946652557374974
S00135924,57.163109403818105,-2.156901425148427
S00135925,57.162879319961846,-2.146616728494483
S00135926,57.16242045323187,-2.1393899423465395
S00135927,57.16266594841783,-2.1282144160337295
S00135928,57.162835984184824,-2.0992486934168832
S00135929,57.16312306457198,-2.1201807619791646
S00135930,57.16294539798224,-2.2184378784186802
S00135931,57.162270622283735,-2.1367771577353696
S00135932,57.16306620345563,-2.1693839589813106
S00135933,57.16278177529751,-2.120113519506048
S00135934,57.16260335451623,-2.108936510464802
S00135935,57.16201726588205,-2.130063853996926
S00135936,57.1625293674164,-2.111350131654361
S00135937,57.16176083496112,-2.106751697594347
S00135938,57.162361465468244,-2.158766491054532
S00135939,57.16274802648919,-2.117815288780972
S00135940,57.161911390300965,-2.1664027520134663
S00135941,57.16196737833792,-2.095724854634744
S00135942,57.16150014905431,-2.1348730484860776
S00135943,57.160180990568975,-2.227216658996892
S00135944,57.16246623761805,-2.1679758955220723
S00135945,57.16246976794995,-2.107596934164029
S00135946,57.16176877010329,-2.2077837839784342
S00135947,57.16192563391248,-2.1229543932407426
S00135948,57.162511510480684,-2.0887327486745724
S00135949,57.16132966263224,-2.2125096544779033
S00135950,57.16240007568568,-2.1704059615293914
S00135951,57.16242967128534,-2.0901213322311967
S00135952,57.16190254911793,-2.1189533623208403
S00135953,57.16178621169411,-2.097675257015266
S00135954,57.160936607488225,-2.2164751902267628
S00135955,57.16120418787512,-2.1575546466919557
S00135956,57.16159320932674,-2.1401142648187492
S00135957,57.16111366923984,-2.1172314425628307
S00135958,57.1616894784142,-2.1500673630984006
S00135959,57.16155931216144,-2.1209196510647708
S00135960,57.16151317418314,-2.139386522814641
S00135961,57.16112867405905,-2.1604309860081212
S00135962,57.160406619714635,-2.1041191672470956
S00135963,57.16086931698729,-2.224096252638381
S00135964,57.161972815107454,-2.1002548818203484
S00135965,57.16123679168512,-2.09952545225022
S00135966,57.16166816149716,-2.1452893057157847
S00135967,57.16100369932283,-2.1370700566170746
S00135968,57.1613697304753,-2.154463747953814
S00135969,57.16166931233875,-2.108718831846923
S00135970,57.16121127041664,-2.1518178752055355
S00135971,57.15995883855331,-2.090826181242027
S00135972,57.16176585305747,-2.088830154537484
S00135973,57.16112449705184,-2.1415342864021025
S00135974,57.16052394825085,-2.1321086014773423
S00135975,57.16091738213678,-2.115792498949326
S00135976,57.16087475347312,-2.091307872454715
S00135977,57.1614293632115,-2.1640860099851165
S00135978,57.161501851816624,-2.093623997852406
S00135979,57.16129013514592,-2.167474577181971
S00135980,57.161060295089406,-2.207068907591538
S00135981,57.16002401318019,-2.219528284243886
S00135982,57.160557327010714,-2.1165849200733584
S00135983,57.160717832294374,-2.1078894165897184
S00135984,57.156425917997154,-2.170742118259904
S00135985,57.16046312701324,-2.130141048976816
S00135986,57.16085352139476,-2.164794349662682
S00135987,57.16101506479092,-2.1069644658619917
S00135988,57.16088022301944,-2.0960030893198067
S00135989,57.160895193367494,-2.120272714784581
S00135990,57.15197948930899,-2.2009191058223125
S00135991,57.16112100569937,-2.0982686693218273
S00135992,57.160567714157956,-2.1491370043404947
S00135993,57.16025235539291,-2.2121232286313735
S00135994,57.16012401134839,-2.2136434468187107
S00135995,57.160806731227964,-2.098102509895246
S00135996,57.16046698443342,-2.2073301039170743
S00135997,57.16038851866785,-2.156129403231769
S00135998,57.15999726589111,-2.1101026035753905
S00135999,57.15981678889664,-2.1110278544269403
S00136000,57.160503268530206,-2.126024661015416
S00136001,57.16061531199659,-2.089835857744409
S00136002,57.16031774754093,-2.122882917927136
S00136003,57.16066165749218,-2.0998049526830425
S00136004,57.160459118624956,-2.133943447141917
S00136005,57.160501364654884,-2.1592544754822685
S00136006,57.1600349829683,-2.118005027896189
S00136007,57.15982813813986,-2.1359580593612804
S00136008,57.16037681500792,-2.135298788735798
S00136009,57.16043553110074,-2.13910141372576
S00136010,57.15951710532164,-2.2165826103662716
S00136011,57.160371230366046,-2.140374150536241
S00136012,57.160333940367344,-2.141580857705122
S00136013,57.159483742228005,-2.111787316389375
S00136014,57.15893304584813,-2.141178738240637
S00136015,57.15961963221841,-2.099802138757284
S00136016,57.159610385190916,-2.1001327506045353
S00136017,57.158782848587975,-2.1120331692079115
S00136018,57.15998618888782,-2.101968821742726
S00136019,57.15976742875334,-2.094561922274598
S00136020,57.15902425696039,-2.1622899305708723
S00136021,57.160207910701054,-2.11559189157995
S00136022,57.15876506637579,-2.146650015271315
S00136023,57.160254975466714,-2.1477305114427128
S00136024,57.15984510400414,-2.159648417462321
S00136025,57.15994734917093,-2.1639471807808155
S00136026,57.15975583852794,-2.108828927618398
S00136027,57.159603543766984,-2.108349055918788
S00136028,57.15916433956374,-2.1264829841169797
S00136029,57.159207767588654,-2.2288969184352747
S00136030,57.15931170964907,-2.2260706318196615
S00136031,57.15887140820432,-2.122960769093047
S00136032,57.15954211088353,-2.106662631031657
S00136033,57.15987045716498,-2.1299405797143867
S00136034,57.159579650611185,-2.1149947814417875
S00136035,57.15997062816235,-2.1195588310508695
S00136036,57.159181273024366,-2.118349467962885
S00136037,57.1597616067639,-2.1392807302277252
S00136038,57.15896827203333,-2.1638932474362917
S00136039,57.159371514245116,-2.1259216135503745
S00136040,57.15887316771728,-2.161032871621832
S00136041,57.15957117539734,-2.148653563287674
S00136042,57.159145490188294,-2.1515614223936526
S00136043,57.15911007757716,-2.1511314548969755
S00136044,57.15978941153579,-2.1211783737690686
S00136045,57.159447357285195,-2.1544722528301796
S00136046,57.15856854978551,-2.1532287290260714
S00136047,57.15870904823935,-2.1406654083566337
S00136048,57.15889712100543,-2.156304955894111
S00136049,57.15904755486303,-2.117257954764482
S00136050,57.15827911914251,-2.220774312795387
S00136051,57.158822954722176,-2.1581396395761154
S00136052,57.159106807745445,-2.100792650952993
S00136053,57.158739250313396,-2.1603875614498165
S00136054,57.15921257593605,-2.091750119918321
S00136055,57.15920837596966,-2.1439405784160788
S00136056,57.15895409115828,-2.1210764469737144
S00136057,57.159133389942745,-2.130384344076501
S00136058,57.157430020433225,-2.1079294140243534
S00136059,57.15897796736408,-2.163347748372632
S00136060,57.15920284594777,-2.1041819030669875
S00136061,57.15771653487818,-2.098160431470442
S00136062,57.158289182070035,-2.1464662847597165
S00136063,57.15392333786952,-2.111704388807171
S00136064,57.15896673915614,-2.1350621884775887
S00136065,57.15869119614187,-2.132316963383893
S00136066,57.15887064293238,-2.123737747813021
S00136067,57.15864569484198,-2.1488482212544637
S00136068,57.158060593269575,-2.1058648611061446
S00136069,57.1588313572193,-2.143707670222647
S00136070,57.15790560218302,-2.2237146244696655
S00136071,57.15878986257035,-2.103899704003221
S00136072,57.158499860027206,-2.1069241252880646
S00136073,57.15878635016158,-2.108049094237358
S00136074,57.15874576327564,-2.0913356744995784
S00136075,57.15833249562418,-2.102972667233564
S00136076,57.157763382859265,-2.1067732159701316
S00136077,57.15821104942675,-2.1184124874240364
S00136078,57.15773354107214,-2.2294498576650814
S00136079,57.158608948429844,-2.0941291416834034
S00136080,57.1581986075705,-2.1392417821813106
S00136081,57.15777863396695,-2.0991524578020972
S00136082,57.15817596074884,-2.1433910309636963
S00136083,57.15814343049154,-2.1034846073450857
S00136084,57.15766502870919,-2.1644329971805996
S00136085,57.15763734099041,-2.164994927398048
S00136086,57.158368598616626,-2.0911694293915417
S00136087,57.158012576707186,-2.1193045329837825
S00136088,57.15846253596147,-2.0976334102769276
S00136089,57.15589287847716,-2.2189252259529093
S00136090,57.15766014854777,-2.1304122122186033
S00136091,57.157664569912235,-2.1578040683978137
S00136092,57.157328141506824,-2.1609930853127253
S00136093,57.15804749034115,-2.1457379569577477
S00136094,57.157738110092424,-2.104789422152234
S00136095,57.157169588194336,-2.178564605587505
S00136096,57.15713759709177,-2.1230541885520897
S00136097,57.15800078831476,-2.0904907459590962
S00136098,57.157985383771354,-2.152631192922259
S00136099,57.15710589740428,-2.1519332734869803
S00136100,57.15737001203501,-2.124212121210002
S00136101,57.15765564738782,-2.142777367771724
S00136102,57.15292063575057,-2.0844452753011047
S00136103,57.157263317367764,-2.1479995879680907
S00136104,57.156844806555064,-2.109448521595379
S00136105,57.15734535476984,-2.1017631667153633
S00136106,57.157668943379214,-2.101516092946826
S00136107,57.15687469639665,-2.094835541164232
S00136108,57.15725315671193,-2.1412384498611763
S00136109,57.15726681756091,-2.1796726395917077
S00136110,57.156951146331195,-2.129781547077282
S00136111,57.157397459764574,-2.103945382925659
S00136112,57.15730005722402,-2.1815407851895547
S00136113,57.157618159975634,-2.1725660267210603
S00136114,57.156957042964756,-2.0928355430974235
S00136115,57.15723877745917,-2.11090439699457
S00136116,57.157291348649046,-2.1123923274924845
S00136117,57.15684632612588,-2.1076962814678484
S00136118,57.157217884116875,-2.155834999308985
S00136119,57.15721112970826,-2.1465446703058193
S00136120,57.15654516096165,-2.1689243142438013
S00136121,57.156926796242715,-2.1180777619332045
S00136122,57.15696784082948,-2.1020431486826623
S00136123,57.15558652009399,-2.1290163763277525
S00136124,57.15725859130211,-2.1727461887659683
S00136125,57.15676552273621,-2.184645915001294
S00136126,57.15677429610843,-2.14366661768132
S00136127,57.15716645102348,-2.1678361198236624
S00136128,57.15711400644556,-2.109779933116884
S00136129,57.15667910754422,-2.1234163347856088
S00136130,57.15701790086286,-2.157718656702652
S00136131,57.15577562525055,-2.0988991328831856
S00136132,57.15696049759552,-2.160479034662834
S00136133,57.15615882270248,-2.2259852549207415
S00136134,57.15671133651282,-2.1722311863591486
S00136135,57.15625047266811,-2.1004707858840237
S00136136,57.15659633860129,-2.164213351183576
S00136137,57.1566076780745,-2.147897781932392
S00136138,57.15576860078914,-2.1783098932427936
S00136139,57.15655240886244,-2.1490546952204856
S00136140,57.15579076525264,-2.1753345714086563
S00136141,57.15665744716615,-2.117928127100914
S00136142,57.15659960596969,-2.101959479675421
S00136143,57.15632180787746,-2.121348845024393
S00136144,57.14311047315811,-2.0711537060988086
S00136145,57.15577976509548,-2.1048499916531482
S00136146,57.15668145139004,-2.111332519174669
S00136147,57.15640162345604,-2.154872796614739
S00136148,57.155898285633214,-2.1818314524592433
S00136149,57.155952842765025,-2.1545733740087125
S00136150,57.156218319466134,-2.116819194458503
S00136151,57.154792662066164,-2.1823219117883657
S00136152,57.156290322629395,-2.1576824944214152
S00136153,57.15647109816048,-2.0939914531220074
S00136154,57.15635968233641,-2.1094966766551018
S00136155,57.15454788793883,-2.227628383479708
S00136156,57.15352044078991,-2.1199677357061635
S00136157,57.15604566760499,-2.109049429854863
S00136158,57.155570863557045,-2.1845903643097633
S00136159,57.15575284999156,-2.183004378123012
S00136160,57.1559511597611,-2.1762610242618186
S00136161,57.15512278637455,-2.164471289435091
S00136162,57.15494489008623,-2.1486845637930676
S00136163,57.155776471227625,-2.1660445591154844
S00136164,57.156060437740024,-2.147283974219362
S00136165,57.15596346429507,-2.167285165662877
S00136166,57.15581041261357,-2.1003373486336305
S00136167,57.155959257595406,-2.149283728577653
S00136168,57.155616552461005,-2.1167181130312613
S00136169,57.15590750470704,-2.168822222019726
S00136170,57.15617472174996,-2.093908047841721
S00136171,57.156168367204444,-2.0903374860643407
S00136172,57.15570649402874,-2.0953780368686368
S00136173,57.15551907544321,-2.0937576117835994
S00136174,57.15609896135119,-2.086865959227363
S00136175,57.156073076967296,-2.151747198987332
S00136176,57.155172463136935,-2.174240669675965
S00136177,57.15538265297129,-2.171646453172417
S00136178,57.15553972509635,-2.09010452899364
S00136179,57.1557921235414,-2.088881914381478
S00136180,57.15608183866044,-2.085642679425252
S00136181,57.153546918923254,-2.110728032517094
S00136182,57.15504491335322,-2.1621898279206544
S00136183,57.15506870213125,-2.1576276988109115
S00136184,57.15501726375286,-2.1556604326342512
S00136185,57.155888373779014,-2.0924196041292307
S00136186,57.15571318209093,-2.1091806900348926
S00136187,57.15535383506573,-2.159463738846583
S00136188,57.1555033272904,-2.090749110515436
S00136189,57.15527999149008,-2.1008648659844575
S00136190,57.15552098084592,-2.0911789342529223
S00136191,57.15512954747204,-2.1088814294005402
S00136192,57.155218728155596,-2.1096255367998116
S00136193,57.15521462285957,-2.103906185637713
S00136194,57.15510125214572,-2.110418620409375
S00136195,57.15489340289558,-2.1012605248503036
S00136196,57.15520010937309,-2.087657279970676
S00136197,57.15506935873825,-2.105740586960681
S00136198,57.154987583943125,-2.17151238229378
S00136199,57.155272824255036,-2.086434239608556
S00136200,57.1542587107741,-2.1788315617024763
S00136201,57.15504886303924,-2.085541106340229
S00136202,57.13804609758297,-2.067459498370237
S00136203,57.15459692626101,-2.168121998775307
S00136204,57.1546385692912,-2.093986792864696
S00136205,57.155172238770014,-2.088963072703843
S00136206,57.15459164063626,-2.1076401250707724
S00136207,57.15521484493997,-2.0921534417774237
S00136208,57.1550659810615,-2.1525695597564307
S00136209,57.15432599125252,-2.1691951855519642
S00136210,57.15378977378135,-2.2195409012345455
S00136211,57.154248203868974,-2.099291753116448
S00136212,57.154759883750174,-2.1603041934871543
S00136213,57.153439156060855,-2.1533066612312934
S00136214,57.15475841535734,-2.112087094175616
S00136215,57.15268997378142,-2.1700141445443366
S00136216,57.15469508590424,-2.090433062531485
S00136217,57.15428641420974,-2.165194869312549
S00136218,57.15453840831987,-2.106863079836107
S00136219,57.15427597468361,-2.0860517303058055
S00136220,57.15439084803888,-2.0887793669995727
S00136221,57.1546000517126,-2.0850441792292775
S00136222,57.15393921021923,-2.17608614849482
S00136223,57.15350640830644,-2.2223161193864476
S00136224,57.15460448703961,-2.0914907356235366
S00136225,57.15395287663762,-2.1519203259507385
S00136226,57.15420970639321,-2.1816743911942154
S00136227,57.15427610668756,-2.1089450340589804
S00136228,57.153546133886714,-2.174530537471175
S00136229,57.15226409857567,-2.151896863687548
S00136230,57.15429137499079,-2.0897047781305
S00136231,57.154151829113815,-2.1072256094718664
S00136232,57.15416462586101,-2.162152910667303
S00136233,57.15445950292976,-2.0931929195022465
S00136234,57.15389408982301,-2.0924972636835206
S00136235,57.153438156036714,-2.225324011050073
S00136236,57.150738548340975,-2.09582799956246
S00136237,57.153791425205746,-2.0852737275126385
S00136238,57.1537914275208,-2.1084807870627027
S00136239,57.153695094527386,-2.0943315069798705
S00136240,57.15282336476426,-2.1774692616987608
S00136241,57.15392758527685,-2.095737091256107
S00136242,57.153637645746414,-2.0868271149858777
S00136243,57.153765315081074,-2.084033974954927
S00136244,57.152936555656346,-2.1736185741104515
S00136245,57.15281790433537,-2.101783761981612
S00136246,57.15384122214914,-2.102695689115899
S00136247,57.15330583250613,-2.179306299917564
S00136248,57.15304269337668,-2.130594279835045
S00136249,57.153464480417895,-2.181422796255553
S00136250,57.153204944109454,-2.1678346819358545
S00136251,57.15307555424275,-2.10523901702028
S00136252,57.15378707978958,-2.102993065109456
S00136253,57.15224861790625,-2.1058316914322637
S00136254,57.1528238577788,-2.115618397101184
S00136255,57.150338527519224,-2.220545156411474
S00136256,57.1526627866338,-2.182939513016939
S00136257,57.153298763541834,-2.095751991617227
S00136258,57.15282062132513,-2.152246253638214
S00136259,57.152480703636726,-2.184591481588862
S00136260,57.15327419031584,-2.0925948863957586
S00136261,57.15300483621947,-2.10386691740898
S00136262,57.150835992386966,-2.11842193101718
S00136263,57.15352646435578,-2.103124572105757
S00136264,57.15317806244372,-2.088892156313657
S00136265,57.15298252643714,-2.0858999583305735
S00136266,57.1523570909633,-2.2220282307355745
S00136267,57.15217243464784,-2.110823087955251
S00136268,57.153418722985826,-2.103058155258827
S00136269,57.15300610473598,-2.0906768631506907
S00136270,57.15298516387069,-2.094693330647582
S00136271,57.15274018757758,-2.1277667899028203
S00136272,57.1529539519297,-2.167436850265083
S00136273,57.15258760768942,-2.165964136086736
S00136274,57.151921132807594,-2.087913956985135
S00136275,57.152602904025514,-2.0892378758720977
S00136276,57.15128025450512,-2.176073498312596
S00136277,57.152493378265596,-2.1135512802057517
S00136278,57.15249767217314,-2.1186090670019704
S00136279,57.15260919183249,-2.0929403235034845
S00136280,57.15196810749576,-2.172374397077987
S00136281,57.1521596954558,-2.1149882369339004
S00136282,57.151871452322524,-2.1640766860624985
S00136283,57.152604657547016,-2.098857592144776
S00136284,57.15151916617794,-2.0846238831548765
S00136285,57.1524051720587,-2.089386156056546
S00136286,57.151036487204806,-2.124719749234093
S00136287,57.151933078196144,-2.1264251998685775
S00136288,57.15252390199142,-2.098741675435576
S00136289,57.151619390713776,-2.177645300037109
S00136290,57.151268604568635,-2.1169027287255773
S00136291,57.15241271016319,-2.1029561792503615
S00136292,57.15188297720564,-2.1817621410818915
S00136293,57.1513287761627,-2.128819716791488
S00136294,57.15120412773184,-2.179081252885116
S00136295,57.1516587878329,-2.0904917464913244
S00136296,57.151791850156094,-2.0927895131911383
S00136297,57.15210197490818,-2.0983934501605805
S00136298,57.15128801385153,-2.0938460485749077
S00136299,57.15157864019196,-2.130423828668713
S00136300,57.151581978302154,-2.1786864022718264
S00136301,57.150973098113454,-2.149775980045582
S00136302,57.1518589732292,-2.145068973089303
S00136303,57.151262993821845,-2.1132334681015497
S00136304,57.15155001647549,-2.103350454893773
S00136305,57.15185965254121,-2.0858973482195475
S00136306,57.151743209084856,-2.165960349357603
